M_viridum,,E1,C1
M_viridum,,C1,C2
M_viridum,,C2,C3
M_viridum,,C3,C4
M_viridum,,C4,C5
M_viridum,,C5,C6
M_viridum,,C6,C7
M_viridum,,C7,C8
M_viridum,,C7,C8
M_viridum,,C8,C9
M_viridum,,C8,C9
M_viridum,,C9,C10
M_viridum,,C10,C11
M_viridum,,C11,C12
M_viridum,,C12,C13
M_viridum,,C13,C14
M_viridum,,C14,C15
M_viridum,,C15,C16
M_viridum,,C15,C17
M_viridum,,C17,C18
M_viridum,,C18,C19
M_viridum,,C19,C20
M_viridum,,C20,C21
M_viridum,,C21,C22
M_viridum,,C22,C23
M_viridum,,C23,C24
M_viridum,,C24,C25
M_viridum,,C25,C26
M_viridum,,C26,C27
M_viridum,,C27,C28
M_viridum,,C28,C29
M_viridum,,C29,C30
M_viridum,,C30,C31
M_viridum,,C31,C32
M_viridum,,C31,C33
M_viridum,,C32,C33
M_viridum,,C33,C34
M_viridum,,C34,C35
M_viridum,,C35,C36
M_viridum,,C36,C37
